course_id,state,tee_name,gender,par,course_rating,bogey_rating,slope_rating,rating_f9,rating_b9,front9_rating,front9_slope,back9_rating,back9_slope,bogey_f9,bogey_b9,front9_raw,back9_raw
13908,VT,Blue,M,54,57.0,73.2,87,28.5,28.5,28.5,87,28.5,87,36.6,36.6,28.5 / 87,28.5 / 87
13908,VT,Blue,F,54,57.8,79.4,92,28.9,28.9,28.9,92,28.9,92,39.7,39.7,28.9 / 92,28.9 / 92
13915,VT,Blue,M,71,68.9,91.7,123,35.1,33.8,35.1,127,33.8,118,46.9,44.8,35.1 / 127,33.8 / 118
13915,VT,White,M,71,67.2,89.3,119,34.4,32.8,34.4,126,32.8,112,46.1,43.2,34.4 / 126,32.8 / 112
13915,VT,Yellow,M,71,63.1,83.1,108,32.1,31.0,32.1,110,31.0,105,42.3,40.8,32.1 / 110,31.0 / 105
13915,VT,Red,M,71,62.2,81.8,106,31.7,30.5,31.7,107,30.5,104,41.6,40.2,31.7 / 107,30.5 / 104
13915,VT,Red,F,71,66.9,93.0,111,34.2,32.7,34.2,120,32.7,101,48.4,44.6,34.2 / 120,32.7 / 101
14141,VT,Blue,M,72,68.6,91.9,125,33.8,34.8,33.8,119,34.8,131,44.9,47.0,33.8 / 119,34.8 / 131
14141,VT,White,M,72,68.0,90.8,123,33.4,34.6,33.4,121,34.6,125,44.6,46.2,33.4 / 121,34.6 / 125
14141,VT,Red,M,72,63.0,82.7,106,31.3,31.7,31.3,103,31.7,109,40.9,41.8,31.3 / 103,31.7 / 109
14141,VT,Red,F,72,67.2,94.1,114,33.5,33.7,33.5,112,33.7,116,46.7,47.4,33.5 / 112,33.7 / 116
13895,VT,Blue,M,72,71.9,97.3,137,36.6,35.3,36.6,139,35.3,135,49.5,47.8,36.6 / 139,35.3 / 135
13895,VT,White,M,72,70.3,94.9,133,35.7,34.6,35.7,135,34.6,130,48.2,46.7,35.7 / 135,34.6 / 130
13895,VT,White / Red,M,72,68.6,92.6,129,34.5,34.1,34.5,130,34.1,128,46.6,46.0,34.5 / 130,34.1 / 128
13895,VT,Red,M,72,67.4,90.8,126,33.9,33.5,33.9,125,33.5,127,45.5,45.3,33.9 / 125,33.5 / 127
13895,VT,Green,M,72,64.4,85.4,113,32.4,32.0,32.4,107,32.0,119,42.3,43.1,32.4 / 107,32.0 / 119
13895,VT,Red,F,72,72.5,102.4,127,36.5,36.0,36.5,127,36.0,126,51.5,50.9,36.5 / 127,36.0 / 126
13895,VT,Green,F,72,69.0,96.3,116,34.7,34.3,34.7,118,34.3,114,48.6,47.7,34.7 / 118,34.3 / 114
29779,VT,White/Blue,M,70,68.6,91.5,124,33.9,34.7,33.9,123,34.7,124,45.3,46.2,33.9 / 123,34.7 / 124
29779,VT,Red/Gold,M,70,65.1,86.8,117,32.2,32.9,32.2,115,32.9,118,42.9,43.9,32.2 / 115,32.9 / 118
29779,VT,White/Blue,F,72,74.8,105.0,128,37.0,37.8,37.0,127,37.8,129,52.0,53.0,37.0 / 127,37.8 / 129
29779,VT,Red/Gold,F,72,70.6,99.5,123,34.9,35.7,34.9,121,35.7,124,49.2,50.3,34.9 / 121,35.7 / 124
13921,VT,Blue,M,66,64.2,84.4,109,32.1,32.1,32.1,109,32.1,109,42.2,42.2,32.1 / 109,32.1 / 109
13921,VT,White/Blue,M,66,63.7,83.8,109,31.6,32.1,31.6,108,32.1,109,41.6,42.2,31.6 / 108,32.1 / 109
13921,VT,White,M,66,63.3,83.1,107,31.6,31.7,31.6,108,31.7,105,41.6,41.5,31.6 / 108,31.7 / 105
13921,VT,Yellow/White,M,66,62.6,82.3,106,31.0,31.6,31.0,104,31.6,108,40.7,41.6,31.0 / 104,31.6 / 108
13921,VT,Yellow,M,66,62.1,81.4,104,31.0,31.1,31.0,104,31.1,103,40.7,40.7,31.0 / 104,31.1 / 103
13921,VT,White,F,66,67.5,95.4,119,33.7,33.8,33.7,119,33.8,118,47.7,47.7,33.7 / 119,33.8 / 118
13921,VT,Red/White,F,66,65.2,91.3,111,31.5,33.7,31.5,103,33.7,119,43.6,47.7,31.5 / 103,33.7 / 119
13921,VT,Red,F,66,63.0,87.3,103,31.5,31.5,31.5,103,31.5,103,43.6,43.7,31.5 / 103,31.5 / 103
31198,VT,Blue18,M,70,64.6,86.2,116,32.3,32.3,32.3,116,32.3,116,43.1,43.1,32.3 / 116,32.3 / 116
31198,VT,White18,M,70,63.6,84.8,114,31.8,31.8,31.8,114,31.8,114,42.4,42.4,31.8 / 114,31.8 / 114
31198,VT,Red18,M,70,60.8,80.0,103,30.4,30.4,30.4,103,30.4,103,40.0,40.0,30.4 / 103,30.4 / 103
31198,VT,White18,F,70,69.2,95.8,113,34.6,34.6,34.6,113,34.6,113,47.9,47.9,34.6 / 113,34.6 / 113
31198,VT,Red/White18,F,70,67.2,93.4,111,32.6,34.6,32.6,109,34.6,113,45.5,47.9,32.6 / 109,34.6 / 113
31198,VT,Red18,F,70,65.2,91.0,109,32.6,32.6,32.6,109,32.6,109,45.5,45.5,32.6 / 109,32.6 / 109
13910,VT,Blue,M,64,60.8,79.8,102,30.4,30.4,30.4,102,30.4,102,39.9,39.9,30.4 / 102,30.4 / 102
13910,VT,White/Blue,M,64,60.4,79.2,101,30.0,30.4,30.0,100,30.4,102,39.3,39.9,30.0 / 100,30.4 / 102
13910,VT,White,M,64,60.0,78.6,100,30.0,30.0,30.0,100,30.0,100,39.3,39.3,30.0 / 100,30.0 / 100
13910,VT,Blue,F,64,65.4,89.0,100,32.7,32.7,32.7,100,32.7,100,44.5,44.5,32.7 / 100,32.7 / 100
13910,VT,White/Blue,F,64,64.6,87.9,99,31.9,32.7,31.9,98,32.7,100,43.4,44.5,31.9 / 98,32.7 / 100
13910,VT,White,F,64,63.8,86.8,98,31.9,31.9,31.9,98,31.9,98,43.4,43.4,31.9 / 98,31.9 / 98
13909,VT,Black,M,71,71.0,95.6,132,35.6,35.4,35.6,133,35.4,131,48.0,47.6,35.6 / 133,35.4 / 131
13909,VT,White,M,71,68.8,92.7,129,34.5,34.3,34.5,129,34.3,128,46.5,46.2,34.5 / 129,34.3 / 128
13909,VT,Gold,M,71,65.6,86.1,110,33.0,32.6,33.0,115,32.6,105,43.7,42.4,33.0 / 115,32.6 / 105
13909,VT,Green,M,71,63.9,84.1,109,32.0,31.9,32.0,112,31.9,105,42.4,41.7,32.0 / 112,31.9 / 105
13909,VT,White,F,71,75.9,107.9,136,38.3,37.6,38.3,134,37.6,137,54.1,53.8,38.3 / 134,37.6 / 137
13909,VT,Gold,F,71,71.2,102.4,132,35.8,35.4,35.8,133,35.4,131,51.5,50.9,35.8 / 133,35.4 / 131
13909,VT,Green,F,71,69.0,98.1,124,34.7,34.3,34.7,126,34.3,121,49.5,48.6,34.7 / 126,34.3 / 121
13911,VT,Black,M,71,71.6,96.4,134,35.7,35.9,35.7,138,35.9,129,48.5,47.9,35.7 / 138,35.9 / 129
13911,VT,Bold,M,71,70.6,95.5,134,35.3,35.3,35.3,138,35.3,130,48.1,47.4,35.3 / 138,35.3 / 130
13911,VT,Gold,M,71,69.8,94.2,132,34.7,35.1,34.7,136,35.1,127,47.3,46.9,34.7 / 136,35.1 / 127
13911,VT,Gray,M,71,67.9,91.7,128,34.1,33.8,34.1,133,33.8,123,46.5,45.2,34.1 / 133,33.8 / 123
13911,VT,Green,M,71,66.9,89.2,120,33.5,33.4,33.5,122,33.4,118,44.8,44.4,33.5 / 122,33.4 / 118
13911,VT,Aqua,M,71,64.5,85.6,114,32.2,32.3,32.2,116,32.3,111,43.0,42.6,32.2 / 116,32.3 / 111
13911,VT,Blue,M,71,63.3,83.8,111,31.6,31.7,31.6,112,31.7,109,42.0,41.8,31.6 / 112,31.7 / 109
13911,VT,Green,F,72,72.8,104.0,132,36.2,36.6,36.2,126,36.6,138,51.1,52.9,36.2 / 126,36.6 / 138
13911,VT,Aqua,F,72,70.3,101.0,131,35.1,35.2,35.1,125,35.2,136,49.8,51.2,35.1 / 125,35.2 / 136
13911,VT,Blue,F,72,68.8,98.6,126,34.2,34.6,34.2,120,34.6,132,48.4,50.2,34.2 / 120,34.6 / 132
13871,VT,Black,M,70,67.0,90.2,125,33.5,33.5,33.5,125,33.5,125,45.1,45.1,33.5 / 125,33.5 / 125
13871,VT,Blue,M,70,65.0,86.6,116,32.5,32.5,32.5,116,32.5,116,43.3,43.3,32.5 / 116,32.5 / 116
13871,VT,White,M,70,62.0,81.0,102,31.0,31.0,31.0,102,31.0,102,40.5,40.5,31.0 / 102,31.0 / 102
13871,VT,Red,F,70,62.2,86.0,101,31.1,31.1,31.1,101,31.1,101,43.0,43.0,31.1 / 101,31.1 / 101
28279,VT,Blue,M,71,69.0,93.6,133,35.5,33.5,35.5,142,33.5,123,48.7,44.9,35.5 / 142,33.5 / 123
28279,VT,White,M,70,66.6,89.9,126,34.3,32.3,34.3,136,32.3,115,46.9,43.0,34.3 / 136,32.3 / 115
28279,VT,Gold,M,0,63.2,84.5,115,32.8,30.4,32.8,127,30.4,102,44.6,39.9,32.8 / 127,30.4 / 102
28279,VT,Red,M,71,62.3,82.4,108,31.9,30.4,31.9,119,30.4,97,43.0,39.4,31.9 / 119,30.4 / 97
28279,VT,Red,F,71,66.1,94.1,119,34.2,31.9,34.2,126,31.9,111,49.1,45.0,34.2 / 126,31.9 / 111
28280,VT,Blue,M,72,72.2,98.8,143,36.7,35.5,36.7,144,35.5,142,50.1,48.7,36.7 / 144,35.5 / 142
28280,VT,White,M,72,69.3,94.2,134,35.0,34.3,35.0,132,34.3,136,47.3,46.9,35.0 / 132,34.3 / 136
28280,VT,Gold,M,0,66.3,88.6,120,33.5,32.8,33.5,113,32.8,127,44.0,44.6,33.5 / 113,32.8 / 127
28280,VT,Red,M,72,65.2,86.2,113,33.3,31.9,33.3,107,31.9,119,43.2,43.0,33.3 / 107,31.9 / 119
28280,VT,Red,F,72,69.4,99.2,126,35.2,34.2,35.2,126,34.2,126,50.1,49.1,35.2 / 126,34.2 / 126
28278,VT,Blue,M,71,70.2,95.0,134,36.7,33.5,36.7,144,33.5,123,50.1,44.9,36.7 / 144,33.5 / 123
28278,VT,White,M,71,67.3,90.3,124,35.0,32.3,35.0,132,32.3,115,47.3,43.0,35.0 / 132,32.3 / 115
28278,VT,Gold,M,0,63.9,83.9,108,33.5,30.4,33.5,113,30.4,102,44.0,39.9,33.5 / 113,30.4 / 102
28278,VT,Red,M,71,63.7,82.6,102,33.3,30.4,33.3,107,30.4,97,43.2,39.4,33.3 / 107,30.4 / 97
28278,VT,Gold,F,70,68.4,96.9,121,36.1,32.3,36.1,130,32.3,112,51.4,45.5,36.1 / 130,32.3 / 112
28278,VT,Red,F,71,67.1,95.1,119,35.2,31.9,35.2,126,31.9,111,50.1,45.0,35.2 / 126,31.9 / 111
13913,VT,Black,M,70,70.8,94.9,130,35.2,35.6,35.2,129,35.6,130,47.2,47.7,35.2 / 129,35.6 / 130
13913,VT,Yellow,M,70,69.0,93.2,130,34.0,35.0,34.0,127,35.0,133,45.8,47.4,34.0 / 127,35.0 / 133
13913,VT,Blue,M,70,66.0,88.4,121,32.8,33.2,32.8,118,33.2,123,43.8,44.6,32.8 / 118,33.2 / 123
13913,VT,White,M,70,64.7,86.8,119,32.1,32.6,32.1,115,32.6,123,42.8,44.0,32.1 / 115,32.6 / 123
13913,VT,Blue,F,71,71.2,99.9,122,35.4,35.8,35.4,117,35.8,126,49.2,50.7,35.4 / 117,35.8 / 126
13913,VT,White,F,71,69.6,98.1,121,34.5,35.1,34.5,118,35.1,124,48.4,49.7,34.5 / 118,35.1 / 124
13875,VT,Blue,M,70,66.6,88.9,120,33.3,33.3,33.3,119,33.3,121,44.4,44.5,33.3 / 119,33.3 / 121
13875,VT,White/Blue,M,70,66.3,88.4,119,33.0,33.3,33.0,117,33.3,121,43.9,44.5,33.0 / 117,33.3 / 121
13875,VT,White,M,70,66.0,87.7,117,33.0,33.0,33.0,117,33.0,116,43.9,43.8,33.0 / 117,33.0 / 116
13875,VT,Gold/White,M,70,65.4,86.5,114,32.4,33.0,32.4,111,33.0,116,42.7,43.8,32.4 / 111,33.0 / 116
13875,VT,Gold,M,70,64.8,85.4,111,32.4,32.4,32.4,111,32.4,111,42.7,42.7,32.4 / 111,32.4 / 111
13875,VT,Red,M,70,63.6,84.0,110,31.8,31.8,31.8,110,31.8,110,42.0,42.0,31.8 / 110,31.8 / 110
13875,VT,White,F,72,70.8,100.7,127,35.4,35.4,35.4,127,35.4,126,50.4,50.3,35.4 / 127,35.4 / 126
13875,VT,Gold/White,F,72,69.7,98.9,124,34.3,35.4,34.3,121,35.4,126,48.6,50.3,34.3 / 121,35.4 / 126
13875,VT,Gold,F,72,68.6,97.2,121,34.3,34.3,34.3,121,34.3,121,48.6,48.6,34.3 / 121,34.3 / 121
13875,VT,Red/Gold,F,72,68.1,96.3,120,33.8,34.3,33.8,118,34.3,121,47.7,48.6,33.8 / 118,34.3 / 121
13875,VT,Red,F,72,67.6,95.4,118,33.8,33.8,33.8,118,33.8,118,47.7,47.7,33.8 / 118,33.8 / 118
13901,VT,Black,M,71,71.5,96.1,133,35.4,36.1,35.4,129,36.1,136,47.4,48.7,35.4 / 129,36.1 / 136
13901,VT,Black / White,M,71,70.3,94.3,129,35.1,35.2,35.1,128,35.2,130,47.0,47.3,35.1 / 128,35.2 / 130
13901,VT,White,M,71,68.6,91.7,125,33.8,34.8,33.8,124,34.8,125,45.3,46.4,33.8 / 124,34.8 / 125
13901,VT,White / Gold,M,71,65.9,87.5,117,32.8,33.1,32.8,123,33.1,110,44.2,43.3,32.8 / 123,33.1 / 110
13901,VT,Gold,M,71,64.6,86.1,116,32.1,32.5,32.1,121,32.5,111,43.3,42.8,32.1 / 121,32.5 / 111
13901,VT,White,F,71,74.4,107.5,141,36.5,37.9,36.5,135,37.9,146,52.4,55.1,36.5 / 135,37.9 / 146
13901,VT,White / Gold,F,71,71.2,100.4,124,35.3,35.9,35.3,125,35.9,123,50.0,50.4,35.3 / 125,35.9 / 123
13901,VT,Gold,F,71,69.8,98.1,120,34.7,35.1,34.7,120,35.1,120,48.8,49.3,34.7 / 120,35.1 / 120
13901,VT,Red,F,71,68.1,95.5,116,34.2,33.9,34.2,117,33.9,115,48.0,47.5,34.2 / 117,33.9 / 115
13888,VT,Black,M,72,73.0,98.7,139,36.9,36.1,36.9,140,36.1,137,49.9,48.8,36.9 / 140,36.1 / 137
13888,VT,Blue,M,72,71.1,96.7,138,36.0,35.1,36.0,141,35.1,135,49.1,47.6,36.0 / 141,35.1 / 135
13888,VT,Blue/White,M,72,70.0,95.4,137,35.5,34.5,35.5,141,34.5,132,48.6,46.8,35.5 / 141,34.5 / 132
13888,VT,White,M,72,69.1,94.0,134,35.2,33.9,35.2,136,33.9,132,47.8,46.2,35.2 / 136,33.9 / 132
13888,VT,Gold,M,72,66.6,89.4,123,33.5,33.1,33.5,127,33.1,118,45.3,44.1,33.5 / 127,33.1 / 118
13888,VT,Red,M,72,65.0,86.8,118,32.9,32.1,32.9,124,32.1,111,44.4,42.4,32.9 / 124,32.1 / 111
13888,VT,Green,M,72,62.0,82.5,111,30.9,31.1,30.9,112,31.1,109,41.3,41.2,30.9 / 112,31.1 / 109
13888,VT,Gold,F,72,71.6,102.7,132,36.3,35.3,36.3,133,35.3,131,52.0,50.7,36.3 / 133,35.3 / 131
13888,VT,Red,F,72,69.6,99.6,128,35.6,34.0,35.6,130,34.0,125,50.9,48.7,35.6 / 130,34.0 / 125
13888,VT,Red/Green,F,72,67.6,95.9,120,34.2,33.4,34.2,121,33.4,119,48.5,47.4,34.2 / 121,33.4 / 119
13888,VT,Green,F,72,65.4,92.3,114,33.0,32.4,33.0,115,32.4,113,46.6,45.7,33.0 / 115,32.4 / 113
13873,VT,Black,M,72,72.5,96.3,129,35.4,37.1,35.4,122,37.1,135,46.7,49.6,35.4 / 122,37.1 / 135
13873,VT,Black/Green,M,72,70.8,93.3,121,34.9,35.9,34.9,115,35.9,127,45.6,47.7,34.9 / 115,35.9 / 127
13873,VT,Green,M,72,69.8,91.7,118,34.4,35.4,34.4,113,35.4,123,44.9,46.8,34.4 / 113,35.4 / 123
13873,VT,White,M,72,67.1,88.7,117,32.9,34.2,32.9,108,34.2,125,42.9,45.8,32.9 / 108,34.2 / 125
13873,VT,White/Gold,M,72,63.9,84.9,113,31.7,32.2,31.7,105,32.2,121,41.5,43.4,31.7 / 105,32.2 / 121
13873,VT,Gold,M,72,62.2,82.4,109,31.1,31.1,31.1,101,31.1,116,40.5,41.9,31.1 / 101,31.1 / 116
13873,VT,Green,F,72,75.3,106.1,131,37.2,38.1,37.2,126,38.1,136,52.0,54.1,37.2 / 126,38.1 / 136
13873,VT,White,F,72,72.2,100.6,120,35.5,36.7,35.5,114,36.7,126,49.0,51.6,35.5 / 114,36.7 / 126
13873,VT,White/Gold,F,72,68.8,95.2,112,34.6,34.2,34.6,108,34.2,116,47.3,47.9,34.6 / 108,34.2 / 116
13873,VT,Gold,F,72,65.9,90.5,105,33.4,32.5,33.4,100,32.5,109,45.2,45.3,33.4 / 100,32.5 / 109
13886,VT,Blue,M,71,71.1,96.4,137,35.3,35.8,35.3,136,35.8,137,47.9,48.5,35.3 / 136,35.8 / 137
13886,VT,Blue/White,M,71,70.0,94.5,132,35.2,34.8,35.2,135,34.8,129,47.7,46.8,35.2 / 135,34.8 / 129
13886,VT,White,M,71,68.8,92.3,127,34.3,34.5,34.3,124,34.5,129,45.8,46.5,34.3 / 124,34.5 / 129
13886,VT,White/Yellow,M,71,67.6,89.6,118,33.9,33.7,33.9,117,33.7,119,44.8,44.8,33.9 / 117,33.7 / 119
13886,VT,Wfront/Yback,M,71,67.5,90.3,123,34.3,33.2,34.3,124,33.2,122,45.8,44.5,34.3 / 124,33.2 / 122
13886,VT,Yellow,M,71,67.0,89.0,119,33.8,33.2,33.8,115,33.2,122,44.5,44.5,33.8 / 115,33.2 / 122
13886,VT,Yellow/Green,M,71,66.0,88.0,119,33.1,32.9,33.1,113,32.9,124,43.6,44.4,33.1 / 113,32.9 / 124
13886,VT,Green,M,71,63.6,84.7,114,30.9,32.7,30.9,105,32.7,122,40.7,44.0,30.9 / 105,32.7 / 122
13886,VT,White,F,73,74.9,109.7,148,37.1,37.8,37.1,144,37.8,151,54.1,55.6,37.1 / 144,37.8 / 151
13886,VT,White/Yellow,F,73,72.8,105.6,139,36.4,36.4,36.4,139,36.4,139,52.8,52.8,36.4 / 139,36.4 / 139
13886,VT,Yellow,F,73,71.5,103.6,136,35.7,35.8,35.7,137,35.8,135,51.9,51.7,35.7 / 137,35.8 / 135
13886,VT,Yellow/Green,F,73,70.6,102.1,134,35.0,35.6,35.0,135,35.6,132,50.9,51.2,35.0 / 135,35.6 / 132
13886,VT,Green,F,73,68.4,98.1,126,33.1,35.3,33.1,121,35.3,131,47.4,50.7,33.1 / 121,35.3 / 131
13918,VT,Black,M,70,72.0,96.9,134,36.2,35.8,36.2,127,35.8,141,48.0,48.9,36.2 / 127,35.8 / 141
13918,VT,Blue,M,70,70.2,95.0,134,35.3,34.9,35.3,128,34.9,139,47.2,47.8,35.3 / 128,34.9 / 139
13918,VT,White,M,70,68.3,92.2,129,34.5,33.8,34.5,127,33.8,130,46.3,45.9,34.5 / 127,33.8 / 130
13918,VT,Yellow,M,70,66.7,89.9,125,33.5,33.2,33.5,124,33.2,126,45.0,44.9,33.5 / 124,33.2 / 126
13918,VT,Green,M,70,64.3,86.2,118,32.1,32.2,32.1,116,32.2,119,42.9,43.3,32.1 / 116,32.2 / 119
13918,VT,Green Forward,M,69,63.5,84.9,115,31.3,32.2,31.3,111,32.2,119,41.6,43.3,31.3 / 111,32.2 / 119
13918,VT,Birch,M,71,58.0,76.3,99,28.9,29.1,28.9,98,29.1,99,38.0,38.3,28.9 / 98,29.1 / 99
13918,VT,White,F,70,73.7,105.6,136,37.4,36.3,37.4,140,36.3,131,53.9,51.7,37.4 / 140,36.3 / 131
13918,VT,Yellow,F,70,71.9,102.2,129,36.3,35.6,36.3,130,35.6,127,51.6,50.6,36.3 / 130,35.6 / 127
13918,VT,Green,F,70,68.7,97.8,124,34.4,34.3,34.4,125,34.3,122,49.1,48.7,34.4 / 125,34.3 / 122
13918,VT,Green Forward,F,69,67.3,95.9,121,33.0,34.3,33.0,120,34.3,122,47.2,48.7,33.0 / 120,34.3 / 122
13918,VT,Birch,F,71,59.9,82.7,97,30.0,29.9,30.0,99,29.9,94,41.7,41.0,30.0 / 99,29.9 / 94
13926,VT,Blue,M,72,66.8,87.7,113,33.3,33.5,33.3,112,33.5,113,43.7,44.0,33.3 / 112,33.5 / 113
13926,VT,White,M,72,64.8,85.0,109,31.9,32.9,31.9,108,32.9,110,41.9,43.1,31.9 / 108,32.9 / 110
13926,VT,Red,M,72,61.7,81.3,106,30.6,31.1,30.6,103,31.1,108,40.2,41.1,30.6 / 103,31.1 / 108
13926,VT,Yellow,M,72,60.7,79.8,103,30.3,30.4,30.3,100,30.4,105,39.6,40.2,30.3 / 100,30.4 / 105
13926,VT,Orange,M,72,57.3,75.7,99,28.5,28.8,28.5,95,28.8,103,37.3,38.4,28.5 / 95,28.8 / 103
13926,VT,White,F,72,70.2,98.0,118,35.2,35.0,35.2,113,35.0,123,48.5,49.5,35.2 / 113,35.0 / 123
13926,VT,Red,F,72,65.4,90.7,108,33.0,32.4,33.0,106,32.4,109,45.5,45.2,33.0 / 106,32.4 / 109
13926,VT,Yellow,F,72,63.3,87.6,103,32.0,31.3,32.0,103,31.3,103,44.1,43.5,32.0 / 103,31.3 / 103
13926,VT,Orange,F,72,58.1,80.1,94,29.0,29.1,29.0,92,29.1,95,39.8,40.3,29.0 / 92,29.1 / 95
13900,VT,Blue,M,72,70.5,94.0,127,35.1,35.4,35.1,125,35.4,128,46.7,47.3,35.1 / 125,35.4 / 128
13900,VT,White,M,72,68.5,91.3,123,34.2,34.3,34.2,121,34.3,125,45.4,45.9,34.2 / 121,34.3 / 125
13900,VT,Red,M,72,65.4,85.8,110,32.9,32.5,32.9,111,32.5,109,43.2,42.6,32.9 / 111,32.5 / 109
13900,VT,Red,F,72,69.5,98.4,123,34.5,35.0,34.5,124,35.0,121,49.1,49.3,34.5 / 124,35.0 / 121
13872,VT,Black,M,70,71.1,94.7,127,35.2,35.9,35.2,130,35.9,124,47.3,47.4,35.2 / 130,35.9 / 124
13872,VT,Blue,M,70,69.3,92.5,125,34.2,35.1,34.2,128,35.1,122,46.1,46.4,34.2 / 128,35.1 / 122
13872,VT,White,M,70,67.4,89.7,120,33.4,34.0,33.4,123,34.0,117,44.8,44.9,33.4 / 123,34.0 / 117
13872,VT,Red,M,70,64.7,85.2,111,32.0,32.7,32.0,111,32.7,110,42.3,42.9,32.0 / 111,32.7 / 110
13872,VT,Gold/Red,M,70,62.0,81.6,106,31.3,30.7,31.3,110,30.7,101,41.5,40.1,31.3 / 110,30.7 / 101
13872,VT,White,F,70,73.3,104.6,133,36.3,37.0,36.3,135,37.0,131,52.2,52.4,36.3 / 135,37.0 / 131
13872,VT,Red,F,70,69.9,98.0,119,34.5,35.4,34.5,122,35.4,116,48.9,49.1,34.5 / 122,35.4 / 116
13872,VT,Gold/Red,F,70,65.8,91.8,110,33.2,32.6,33.2,116,32.6,104,46.9,44.9,33.2 / 116,32.6 / 104
13891,VT,Black,M,71,72.5,98.2,139,36.7,35.8,36.7,142,35.8,135,49.9,48.3,36.7 / 142,35.8 / 135
13891,VT,Blue,M,71,70.0,94.7,133,35.8,34.2,35.8,135,34.2,131,48.3,46.4,35.8 / 135,34.2 / 131
13891,VT,White,M,71,68.8,92.2,126,35.1,33.7,35.1,129,33.7,123,47.1,45.1,35.1 / 129,33.7 / 123
13891,VT,Yellow,M,71,65.6,87.1,116,33.7,31.9,33.7,119,31.9,112,44.8,42.3,33.7 / 119,31.9 / 112
13891,VT,White,F,71,75.0,107.7,139,38.5,36.5,38.5,142,36.5,136,55.2,52.5,38.5 / 142,36.5 / 136
13891,VT,Yellow,F,71,70.6,101.9,133,36.2,34.4,36.2,137,34.4,128,52.4,49.5,36.2 / 137,34.4 / 128
13891,VT,Red,F,71,68.6,98.1,126,35.2,33.4,35.2,131,33.4,120,50.6,47.5,35.2 / 131,33.4 / 120
30230,VT,Blue,M,72,71.6,96.2,133,36.0,35.6,36.0,130,35.6,135,48.1,48.1,36.0 / 130,35.6 / 135
30230,VT,White,M,72,69.4,93.1,128,34.8,34.6,34.8,124,34.6,131,46.3,46.8,34.8 / 124,34.6 / 131
30230,VT,Gold,M,72,66.6,89.0,121,33.5,33.1,33.5,119,33.1,122,44.6,44.4,33.5 / 119,33.1 / 122
30230,VT,Red,F,74,71.3,101.4,128,35.8,35.5,35.8,128,35.5,127,50.9,50.5,35.8 / 128,35.5 / 127
14135,VT,Back,M,69,66.8,91.3,132,34.3,32.5,34.3,129,32.5,135,46.3,45.0,34.3 / 129,32.5 / 135
14135,VT,Forward,M,70,63.0,85.8,123,31.6,31.4,31.6,126,31.4,119,43.3,42.5,31.6 / 126,31.4 / 119
14135,VT,Foward,F,70,65.5,94.6,123,33.7,31.8,33.7,126,31.8,120,48.6,46.0,33.7 / 126,31.8 / 120
28309,VT,White/Blue,M,68,65.6,87.8,120,32.6,33.0,32.6,118,33.0,121,43.6,44.2,32.6 / 118,33.0 / 121
28309,VT,Red/Gold,M,68,63.5,84.9,115,31.7,31.8,31.7,115,31.8,115,42.4,42.5,31.7 / 115,31.8 / 115
28309,VT,Purple/Purple,M,68,59.4,77.2,96,29.7,29.7,29.7,96,29.7,96,38.6,38.6,29.7 / 96,29.7 / 96
28309,VT,White/Blue,F,72,71.5,102.1,130,35.5,36.0,35.5,128,36.0,131,50.6,51.5,35.5 / 128,36.0 / 131
28309,VT,Red/Gold,F,72,69.0,98.2,124,34.4,34.6,34.4,124,34.6,124,49.0,49.2,34.4 / 124,34.6 / 124
28309,VT,Purple/Purple,F,68,63.4,88.6,107,31.7,31.7,31.7,107,31.7,107,44.3,44.3,31.7 / 107,31.7 / 107
13884,VT,Gold,M,72,75.2,104.0,153,37.6,37.6,37.6,150,37.6,155,51.5,52.5,37.6 / 150,37.6 / 155
13884,VT,Blue,M,72,72.5,98.7,141,36.4,36.1,36.4,140,36.1,142,49.4,49.3,36.4 / 140,36.1 / 142
13884,VT,White-Long,M,72,69.7,95.3,138,35.1,34.6,35.1,140,34.6,136,48.1,47.2,35.1 / 140,34.6 / 136
13884,VT,White,M,72,69.0,94.4,137,34.8,34.2,34.8,138,34.2,136,47.6,46.8,34.8 / 138,34.2 / 136
13884,VT,Red,M,72,66.0,89.6,127,33.3,32.7,33.3,124,32.7,130,44.8,44.8,33.3 / 124,32.7 / 130
13884,VT,Family,M,72,60.3,81.9,117,30.2,30.1,30.2,111,30.1,122,40.5,41.4,30.2 / 111,30.1 / 122
13884,VT,White-Long,F,72,75.6,109.3,143,37.9,37.7,37.9,133,37.7,153,53.6,55.7,37.9 / 133,37.7 / 153
13884,VT,White,F,72,74.8,108.2,142,37.5,37.3,37.5,132,37.3,151,53.1,55.1,37.5 / 132,37.3 / 151
13884,VT,Red,F,72,70.9,101.8,131,35.4,35.5,35.4,129,35.5,133,50.6,51.2,35.4 / 129,35.5 / 133
13884,VT,Family,F,69,61.0,87.3,112,30.2,30.8,30.2,105,30.8,118,42.6,44.7,30.2 / 105,30.8 / 118
13902,VT,Blue,M,72,70.2,95.0,134,35.8,34.4,35.8,136,34.4,131,48.4,46.6,35.8 / 136,34.4 / 131
13902,VT,White,M,72,68.8,92.8,129,35.3,33.5,35.3,132,33.5,126,47.6,45.2,35.3 / 132,33.5 / 126
13902,VT,Yellow,M,72,65.2,87.7,121,33.8,31.4,33.8,132,31.4,110,46.1,41.6,33.8 / 132,31.4 / 110
13902,VT,Red,M,72,63.2,84.4,114,32.4,30.8,32.4,126,30.8,102,44.1,40.3,32.4 / 126,30.8 / 102
13902,VT,White,F,72,74.5,108.6,145,38.2,36.3,38.2,141,36.3,148,54.8,53.8,38.2 / 141,36.3 / 148
13902,VT,Yellow,F,72,70.3,101.7,133,36.7,33.6,36.7,135,33.6,131,52.6,49.1,36.7 / 135,33.6 / 131
13902,VT,Red,F,72,68.1,96.8,122,35.0,33.1,35.0,120,33.1,124,49.1,47.7,35.0 / 120,33.1 / 124
29360,VT,Black,M,70,68.1,90.4,120,33.8,34.3,33.8,109,34.3,131,43.9,46.5,33.8 / 109,34.3 / 131
29360,VT,Black/Gold,M,70,66.1,87.9,118,32.9,33.2,32.9,110,33.2,125,43.1,44.8,32.9 / 110,33.2 / 125
29360,VT,Gold,M,70,65.1,86.1,113,32.5,32.6,32.5,108,32.6,118,42.5,43.6,32.5 / 108,32.6 / 118
29360,VT,Gold/White,M,70,63.2,83.2,108,31.4,31.8,31.4,103,31.8,112,41.0,42.2,31.4 / 103,31.8 / 112
29360,VT,White,M,70,62.2,81.5,104,31.0,31.2,31.0,98,31.2,110,40.1,41.4,31.0 / 98,31.2 / 110
29360,VT,Gold,F,70,70.2,100.4,128,34.9,35.3,34.9,120,35.3,136,49.1,51.3,34.9 / 120,35.3 / 136
29360,VT,Gold/White,F,70,67.7,96.4,122,33.7,34.0,33.7,112,34.0,131,46.9,49.5,33.7 / 112,34.0 / 131
29360,VT,White,F,70,65.8,92.0,111,32.6,33.2,32.6,107,33.2,115,45.2,46.8,32.6 / 107,33.2 / 115
13925,VT,Blue,M,70,68.9,92.4,127,33.4,35.5,33.4,122,35.5,131,44.7,47.7,33.4 / 122,35.5 / 131
13925,VT,White,M,70,67.8,91.2,126,33.0,34.8,33.0,119,34.8,132,44.1,47.1,33.0 / 119,34.8 / 132
13925,VT,Gold,M,70,65.5,88.1,122,32.1,33.4,32.1,117,33.4,126,43.0,45.1,32.1 / 117,33.4 / 126
13925,VT,Red,M,69,63.4,84.8,115,31.4,32.0,31.4,114,32.0,116,42.0,42.8,31.4 / 114,32.0 / 116
13925,VT,Green,M,70,59.5,79.1,106,29.7,29.8,29.7,103,29.8,108,39.3,39.8,29.7 / 103,29.8 / 108
13925,VT,White,F,70,73.8,105.5,134,35.8,38.0,35.8,126,38.0,142,50.7,54.8,35.8 / 126,38.0 / 142
13925,VT,Gold,F,70,71.0,100.6,126,34.9,36.1,34.9,118,36.1,133,48.8,51.8,34.9 / 118,36.1 / 133
13925,VT,Red,F,70,68.6,96.0,116,34.0,34.6,34.0,112,34.6,120,47.2,48.8,34.0 / 112,34.6 / 120
13925,VT,Green,F,70,62.4,86.8,104,31.2,31.2,31.2,100,31.2,107,43.0,43.8,31.2 / 100,31.2 / 107
13890,VT,Blue,M,72,70.0,94.0,129,35.1,34.9,35.1,128,34.9,130,47.0,47.0,35.1 / 128,34.9 / 130
13890,VT,White,M,72,67.7,90.2,122,33.7,34.0,33.7,122,34.0,121,45.0,45.2,33.7 / 122,34.0 / 121
13890,VT,Gold,M,72,63.6,82.6,102,32.0,31.6,32.0,101,31.6,103,41.4,41.2,32.0 / 101,31.6 / 103
13890,VT,Red,M,72,62.6,81.3,101,31.4,31.2,31.4,102,31.2,99,40.9,40.4,31.4 / 102,31.2 / 99
13890,VT,Gold,F,72,68.3,97.2,123,34.3,34.0,34.3,122,34.0,123,48.7,48.5,34.3 / 122,34.0 / 123
13890,VT,Red,F,72,67.6,95.7,119,33.9,33.7,33.9,117,33.7,121,47.7,48.0,33.9 / 117,33.7 / 121
13892,VT,Blue,M,72,70.7,93.6,123,34.8,35.9,34.8,116,35.9,130,45.6,48.0,34.8 / 116,35.9 / 130
13892,VT,White,M,72,67.9,88.9,113,33.3,34.6,33.3,107,34.6,119,43.2,45.7,33.3 / 107,34.6 / 119
13892,VT,Gold,M,72,64.9,84.7,107,31.5,33.4,31.5,103,33.4,110,41.1,43.6,31.5 / 103,33.4 / 110
13892,VT,Red,M,72,62.9,81.3,99,30.7,32.2,30.7,96,32.2,102,39.6,41.7,30.7 / 96,32.2 / 102
13892,VT,Gold,F,72,70.1,98.5,121,34.0,36.1,34.0,116,36.1,125,47.7,50.8,34.0 / 116,36.1 / 125
13892,VT,Red,F,72,68.2,95.5,116,33.1,35.1,33.1,109,35.1,122,46.0,49.5,33.1 / 109,35.1 / 122
13906,VT,Blue,M,60,60.4,80.0,106,30.1,30.3,30.1,103,30.3,108,39.7,40.3,30.1 / 103,30.3 / 108
13906,VT,White,M,60,59.3,77.2,97,29.4,29.9,29.4,96,29.9,97,38.3,38.9,29.4 / 96,29.9 / 97
13906,VT,Red,M,60,54.0,70.2,88,26.7,27.3,26.7,82,27.3,93,34.3,35.9,26.7 / 82,27.3 / 93
13906,VT,Blue,F,60,62.6,90.7,119,31.0,31.6,31.0,118,31.6,120,44.9,45.8,31.0 / 118,31.6 / 120
13906,VT,White,F,60,60.1,84.4,103,29.7,30.4,29.7,100,30.4,106,41.5,42.9,29.7 / 100,30.4 / 106
13906,VT,Red,F,60,56.5,78.0,92,27.7,28.8,27.7,86,28.8,97,37.8,40.2,27.7 / 86,28.8 / 97
13905,VT,Black,M,72,73.6,98.2,133,36.1,37.5,36.1,128,37.5,137,48.0,50.2,36.1 / 128,37.5 / 137
13905,VT,Black / Gold,M,72,71.9,96.4,132,35.3,36.6,35.3,127,36.6,137,47.1,49.3,35.3 / 127,36.6 / 137
13905,VT,Gold,M,72,71.0,95.1,130,34.8,36.2,34.8,123,36.2,137,46.2,48.9,34.8 / 123,36.2 / 137
13905,VT,Gold/Blue,M,72,69.9,93.9,130,34.2,35.7,34.2,123,35.7,136,45.6,48.3,34.2 / 123,35.7 / 136
13905,VT,Blue,M,72,68.7,92.3,127,33.8,34.9,33.8,121,34.9,133,45.0,47.3,33.8 / 121,34.9 / 133
13905,VT,Blue/Green,M,72,66.1,89.0,123,33.1,33.0,33.1,116,33.0,130,43.9,45.1,33.1 / 116,33.0 / 130
13905,VT,Green,M,72,64.6,86.2,117,32.2,32.4,32.2,111,32.4,122,42.5,43.7,32.2 / 111,32.4 / 122
13905,VT,Green/Red,M,72,62.6,83.3,112,31.2,31.4,31.2,107,31.4,116,41.1,42.2,31.2 / 107,31.4 / 116
13905,VT,Red,M,72,62.4,82.9,110,31.0,31.4,31.0,104,31.4,116,40.7,42.2,31.0 / 104,31.4 / 116
13905,VT,Blue,F,72,74.8,107.1,137,37.0,37.8,37.0,133,37.8,141,52.7,54.4,37.0 / 133,37.8 / 141
13905,VT,Blue/Green,F,72,72.1,103.3,132,35.9,36.2,35.9,133,36.2,131,51.6,51.7,35.9 / 133,36.2 / 131
13905,VT,Green,F,72,70.6,100.4,126,35.0,35.6,35.0,126,35.6,126,49.9,50.5,35.0 / 126,35.6 / 126
13905,VT,Green/Red,F,72,67.4,95.3,119,33.4,34.0,33.4,118,34.0,119,47.3,48.0,33.4 / 118,34.0 / 119
13905,VT,Red,F,72,67.0,94.6,117,33.0,34.0,33.0,115,34.0,119,46.6,48.0,33.0 / 115,34.0 / 119
13903,VT,Blue,M,69,67.1,89.4,120,31.9,35.2,31.9,114,35.2,126,42.5,46.9,31.9 / 114,35.2 / 126
13903,VT,White,M,69,65.6,87.4,118,31.6,34.0,31.6,112,34.0,123,42.0,45.4,31.6 / 112,34.0 / 123
13903,VT,Gold,M,69,62.5,82.4,108,30.7,31.8,30.7,107,31.8,108,40.6,41.8,30.7 / 107,31.8 / 108
13903,VT,Red,M,69,61.8,81.4,105,30.7,31.1,30.7,105,31.1,105,40.5,40.9,30.7 / 105,31.1 / 105
13903,VT,White,F,69,71.4,101.3,127,34.2,37.2,34.2,123,37.2,131,48.7,52.6,34.2 / 123,37.2 / 131
13903,VT,Gold,F,69,67.0,94.7,117,32.8,34.2,32.8,114,34.2,120,46.3,48.4,32.8 / 114,34.2 / 120
13903,VT,Red,F,69,66.0,93.2,115,32.7,33.3,32.7,114,33.3,116,46.2,47.0,32.7 / 114,33.3 / 116
13887,VT,Blue,M,72,73.8,100.3,143,37.6,36.2,37.6,145,36.2,140,51.1,49.2,37.6 / 145,36.2 / 140
13887,VT,Black,M,72,71.7,97.8,141,36.6,35.1,36.6,140,35.1,141,49.6,48.2,36.6 / 140,35.1 / 141
13887,VT,white,M,72,69.5,94.0,132,35.2,34.3,35.2,132,34.3,131,47.5,46.5,35.2 / 132,34.3 / 131
13887,VT,Red,M,72,65.5,88.3,123,33.3,32.2,33.3,128,32.2,117,45.2,43.1,33.3 / 128,32.2 / 117
13887,VT,White,F,72,76.3,109.6,142,38.6,37.7,38.6,141,37.7,142,55.2,54.4,38.6 / 141,37.7 / 142
13887,VT,Red,F,72,71.9,103.0,132,36.7,35.2,36.7,131,35.2,132,52.2,50.8,36.7 / 131,35.2 / 132
13880,VT,Black,M,72,73.7,102.9,151,37.2,36.5,37.2,155,36.5,147,52.7,50.2,37.2 / 155,36.5 / 147
13880,VT,Black/Blue,M,72,72.2,100.1,148,36.5,35.7,36.5,155,35.7,140,51.4,48.7,36.5 / 155,35.7 / 140
13880,VT,Blue,M,72,71.2,98.3,146,35.9,35.3,35.9,155,35.3,137,50.3,48.0,35.9 / 155,35.3 / 137
13880,VT,Blue/White,M,72,69.0,95.8,144,35.3,33.7,35.3,155,33.7,132,49.8,46.0,35.3 / 155,33.7 / 132
13880,VT,White,M,72,68.8,95.1,142,35.1,33.7,35.1,153,33.7,130,49.3,45.8,35.1 / 153,33.7 / 130
13880,VT,White/Green,M,72,67.7,91.8,130,34.7,33.0,34.7,138,33.0,122,47.5,44.3,34.7 / 138,33.0 / 122
13880,VT,Green,M,72,66.5,88.8,120,34.1,32.4,34.1,128,32.4,112,46.0,42.8,34.1 / 128,32.4 / 112
13880,VT,Green/Red,M,72,64.8,86.2,115,32.7,32.1,32.7,119,32.1,111,43.8,42.4,32.7 / 119,32.1 / 111
13880,VT,Red,M,72,63.5,84.2,112,32.2,31.3,32.2,112,31.3,111,42.6,41.6,32.2 / 112,31.3 / 111
13880,VT,White,F,72,74.9,110.7,152,38.7,36.2,38.7,154,36.2,149,56.9,53.8,38.7 / 154,36.2 / 149
13880,VT,White/Green,F,72,73.1,107.2,145,37.8,35.3,37.8,145,35.3,144,54.9,52.3,37.8 / 145,35.3 / 144
13880,VT,Green,F,72,70.7,102.8,137,36.7,34.0,36.7,137,34.0,136,52.8,50.0,36.7 / 137,34.0 / 136
13880,VT,Green/Red,F,72,68.7,99.7,132,35.1,33.6,35.1,128,33.6,135,50.2,49.5,35.1 / 128,33.6 / 135
13880,VT,Red,F,72,66.5,95.4,123,34.3,32.2,34.3,120,32.2,126,48.4,47.0,34.3 / 120,32.2 / 126
32521,VT,Back,M,70,69.4,92.2,123,34.7,34.7,34.7,123,34.7,123,46.1,46.1,34.7 / 123,34.7 / 123
32521,VT,Middle,M,70,68.0,90.2,119,34.0,34.0,34.0,119,34.0,119,45.1,45.1,34.0 / 119,34.0 / 119
32521,VT,Forward,M,70,63.0,82.6,105,31.5,31.5,31.5,105,31.5,105,41.3,41.3,31.5 / 105,31.5 / 105
32521,VT,Back,F,70,75.4,106.6,132,37.7,37.7,37.7,132,37.7,132,53.3,53.3,37.7 / 132,37.7 / 132
32521,VT,Middle,F,70,73.8,104.2,129,36.9,36.9,36.9,129,36.9,129,52.1,52.1,36.9 / 129,36.9 / 129
32521,VT,Forward,F,70,67.4,95.0,117,33.7,33.7,33.7,117,33.7,117,47.5,47.5,33.7 / 117,33.7 / 117
13917,VT,Blue,M,71,71.8,95.7,129,35.8,36.0,35.8,128,36.0,129,47.7,48.0,35.8 / 128,36.0 / 129
13917,VT,White,M,71,68.4,92.3,129,34.1,34.3,34.1,128,34.3,129,46.0,46.3,34.1 / 128,34.3 / 129
13917,VT,Yellow,M,71,62.6,83.6,113,31.7,30.9,31.7,104,30.9,122,41.4,42.2,31.7 / 104,30.9 / 122
13917,VT,White,F,71,74.4,105.3,131,37.2,37.2,37.2,131,37.2,131,52.6,52.7,37.2 / 131,37.2 / 131
13917,VT,Yellow,F,71,67.0,93.9,114,34.3,32.7,34.3,113,32.7,115,47.6,46.3,34.3 / 113,32.7 / 115
13907,VT,Blue,M,72,70.4,94.9,132,35.6,34.8,35.6,131,34.8,132,47.8,47.1,35.6 / 131,34.8 / 132
13907,VT,White,M,72,67.6,91.6,129,34.0,33.6,34.0,128,33.6,130,45.9,45.7,34.0 / 128,33.6 / 130
13907,VT,White/Green,M,72,65.2,88.1,123,33.5,31.7,33.5,127,31.7,119,45.3,42.8,33.5 / 127,31.7 / 119
13907,VT,Green,M,72,63.8,85.9,119,32.7,31.1,32.7,118,31.1,119,43.7,42.2,32.7 / 118,31.1 / 119
13907,VT,Gold,M,72,59.5,77.9,99,30.1,29.4,30.1,97,29.4,101,39.1,38.8,30.1 / 97,29.4 / 101
13907,VT,White,F,72,73.3,105.1,135,37.0,36.3,37.0,137,36.3,133,53.1,52.0,37.0 / 137,36.3 / 133
13907,VT,Green,F,73,68.7,98.7,128,35.2,33.5,35.2,129,33.5,126,50.4,48.3,35.2 / 129,33.5 / 126
13907,VT,Gold,F,72,61.8,87.2,108,31.7,30.1,31.7,109,30.1,107,44.5,42.7,31.7 / 109,30.1 / 107
13914,VT,Blue,M,72,71.8,95.4,127,35.5,36.3,35.5,124,36.3,130,47.0,48.4,35.5 / 124,36.3 / 130
13914,VT,White,M,72,70.2,93.3,125,34.5,35.7,34.5,122,35.7,127,45.8,47.5,34.5 / 122,35.7 / 127
13914,VT,Gold,M,72,66.5,87.4,113,32.9,33.6,32.9,108,33.6,117,42.9,44.5,32.9 / 108,33.6 / 117
13914,VT,Red,M,72,64.7,85.3,111,32.4,32.3,32.4,105,32.3,116,42.2,43.1,32.4 / 105,32.3 / 116
13914,VT,White,F,72,76.3,109.2,140,37.8,38.5,37.8,132,38.5,147,53.4,55.8,37.8 / 132,38.5 / 147
13914,VT,Gold,F,72,71.7,102.8,132,35.2,36.5,35.2,132,36.5,131,50.8,52.0,35.2 / 132,36.5 / 131
13914,VT,Red,F,72,69.8,100.2,129,34.6,35.2,34.6,129,35.2,129,49.8,50.4,34.6 / 129,35.2 / 129
29997,VT,Blue,M,70,69.4,93.4,129,34.7,34.7,34.7,129,34.7,129,46.7,46.7,34.7 / 129,34.7 / 129
29997,VT,Blue/White,M,70,69.0,92.9,129,34.7,34.3,34.7,129,34.3,128,46.7,46.2,34.7 / 129,34.3 / 128
29997,VT,White,M,70,68.6,92.4,128,34.3,34.3,34.3,128,34.3,128,46.2,46.2,34.3 / 128,34.3 / 128
29997,VT,White/Red,M,70,66.6,89.8,125,34.3,32.3,34.3,128,32.3,122,46.2,43.6,34.3 / 128,32.3 / 122
29997,VT,Gold,M,70,64.8,87.4,122,32.4,32.4,32.4,122,32.4,122,43.7,43.7,32.4 / 122,32.4 / 122
29997,VT,Red/Gold,M,70,64.7,87.3,122,32.3,32.4,32.3,122,32.4,122,43.6,43.7,32.3 / 122,32.4 / 122
29997,VT,Red,M,70,64.6,87.2,122,32.3,32.3,32.3,122,32.3,122,43.6,43.6,32.3 / 122,32.3 / 122
29997,VT,White,F,70,73.6,107.6,144,36.8,36.8,36.8,144,36.8,144,53.8,53.8,36.8 / 144,36.8 / 144
29997,VT,White/Gold,F,71,71.7,104.4,139,36.8,34.9,36.8,144,34.9,133,53.8,50.6,36.8 / 144,34.9 / 133
29997,VT,Red,F,70,69.8,97.8,119,34.9,34.9,34.9,119,34.9,119,48.9,48.9,34.9 / 119,34.9 / 119
29997,VT,Red/Gold,F,71,69.8,99.5,126,34.9,34.9,34.9,119,34.9,133,48.9,50.6,34.9 / 119,34.9 / 133
29997,VT,Gold,F,72,69.8,101.2,133,34.9,34.9,34.9,133,34.9,133,50.6,50.6,34.9 / 133,34.9 / 133
13924,VT,Blue,M,72,70.3,94.5,131,35.0,35.3,35.0,135,35.3,126,47.5,47.0,35.0 / 135,35.3 / 126
13924,VT,White,M,72,69.2,93.2,129,34.3,34.9,34.3,133,34.9,125,46.7,46.5,34.3 / 133,34.9 / 125
13924,VT,Red,M,72,66.1,88.4,120,33.1,33.0,33.1,124,33.0,116,44.6,43.8,33.1 / 124,33.0 / 116
13924,VT,Gold,M,72,64.3,86.1,117,31.8,32.5,31.8,116,32.5,118,42.6,43.5,31.8 / 116,32.5 / 118
13924,VT,Red,F,72,71.7,101.5,126,35.9,35.8,35.9,126,35.8,126,50.8,50.7,35.9 / 126,35.8 / 126
13924,VT,Gold,F,72,69.4,98.9,126,34.3,35.1,34.3,126,35.1,125,49.1,49.8,34.3 / 126,35.1 / 125
13877,VT,Blue,M,70,69.1,93.2,130,34.1,35.0,34.1,126,35.0,133,45.8,47.4,34.1 / 126,35.0 / 133
13877,VT,White,M,70,67.5,90.4,123,33.5,34.0,33.5,119,34.0,127,44.6,45.8,33.5 / 119,34.0 / 127
13877,VT,White/Red,M,70,66.6,89.5,123,33.2,33.4,33.2,119,33.4,127,44.3,45.2,33.2 / 119,33.4 / 127
13877,VT,Red,M,70,65.7,88.2,121,32.9,32.8,32.9,119,32.8,123,44.0,44.2,32.9 / 119,32.8 / 123
13877,VT,Red/Yellow,M,70,64.5,86.0,116,32.2,32.3,32.2,116,32.3,115,43.0,43.0,32.2 / 116,32.3 / 115
13877,VT,Yellow,M,70,62.5,82.0,105,31.0,31.5,31.0,103,31.5,107,40.6,41.4,31.0 / 103,31.5 / 107
13877,VT,white,F,72,73.1,105.8,139,36.2,36.9,36.2,136,36.9,142,52.2,53.6,36.2 / 136,36.9 / 142
13877,VT,Red,F,72,71.3,101.9,130,35.3,36.0,35.3,131,36.0,129,50.7,51.2,35.3 / 131,36.0 / 129
13877,VT,Red/Yellow,F,72,69.5,99.0,126,34.5,35.0,34.5,126,35.0,125,49.3,49.7,34.5 / 126,35.0 / 125
13877,VT,Yellow,F,72,64.5,90.9,112,32.0,32.5,32.0,114,32.5,110,45.4,45.5,32.0 / 114,32.5 / 110
13881,VT,Black,M,72,73.0,99.6,144,36.8,36.2,36.8,135,36.2,152,49.3,50.3,36.8 / 135,36.2 / 152
13881,VT,Black/Blue,M,72,72.1,98.2,141,36.3,35.8,36.3,130,35.8,151,48.4,49.8,36.3 / 130,35.8 / 151
13881,VT,Blue,M,72,71.6,97.4,139,35.9,35.7,35.9,128,35.7,150,47.8,49.6,35.9 / 128,35.7 / 150
13881,VT,Blue/White,M,72,70.7,95.9,136,35.4,35.3,35.4,126,35.3,145,47.1,48.8,35.4 / 126,35.3 / 145
13881,VT,White,M,72,70.1,95.1,135,35.0,35.1,35.0,125,35.1,144,46.6,48.5,35.0 / 125,35.1 / 144
13881,VT,White/Green,M,72,67.9,91.7,128,33.9,34.0,33.9,125,34.0,131,45.5,46.2,33.9 / 125,34.0 / 131
13881,VT,Green,M,72,66.2,89.6,126,32.9,33.3,32.9,125,33.3,127,44.5,45.1,32.9 / 125,33.3 / 127
13881,VT,Green/Gold,M,72,64.4,87.1,122,32.2,32.2,32.2,118,32.2,126,43.2,43.9,32.2 / 118,32.2 / 126
13881,VT,Gold,M,72,63.6,85.6,119,31.7,31.9,31.7,113,31.9,124,42.2,43.4,31.7 / 113,31.9 / 124
13881,VT,Family Gold,M,72,60.8,81.7,113,29.8,31.0,29.8,107,31.0,118,39.7,42.0,29.8 / 107,31.0 / 118
13881,VT,Family Blue,M,72,51.2,68.3,92,25.2,26.0,25.2,87,26.0,97,33.3,35.0,25.2 / 87,26.0 / 97
13881,VT,White,F,72,76.0,107.9,136,37.8,38.2,37.8,135,38.2,136,53.7,54.2,37.8 / 135,38.2 / 136
13881,VT,White/Green,F,72,73.5,104.5,131,36.7,36.8,36.7,131,36.8,131,52.2,52.3,36.7 / 131,36.8 / 131
13881,VT,Green,F,72,71.9,101.7,127,35.5,36.4,35.5,124,36.4,129,50.1,51.6,35.5 / 124,36.4 / 129
13881,VT,Green/Gold,F,72,70.3,98.7,120,34.8,35.5,34.8,120,35.5,120,49.0,49.7,34.8 / 120,35.5 / 120
13881,VT,Gold,F,72,69.5,97.9,121,34.4,35.1,34.4,119,35.1,122,48.4,49.5,34.4 / 119,35.1 / 122
13882,VT,Black,M,72,72.0,97.7,139,35.2,36.8,35.2,135,36.8,142,47.7,50.0,35.2 / 135,36.8 / 142
13882,VT,Black/Blue,M,72,70.9,95.8,134,34.7,36.2,34.7,130,36.2,138,46.8,49.0,34.7 / 130,36.2 / 138
13882,VT,Blue,M,72,70.0,95.0,135,34.3,35.7,34.3,130,35.7,139,46.4,48.6,34.3 / 130,35.7 / 139
13882,VT,Blue/White,M,72,69.0,92.4,126,33.8,35.2,33.8,123,35.2,129,45.2,47.2,33.8 / 123,35.2 / 129
13882,VT,White,M,72,68.2,91.0,123,33.3,34.9,33.3,116,34.9,129,44.1,46.9,33.3 / 116,34.9 / 129
13882,VT,White/Green,M,72,66.6,89.3,122,32.7,33.9,32.7,118,33.9,126,43.7,45.6,32.7 / 118,33.9 / 126
13882,VT,Green,M,72,65.8,86.8,113,32.1,33.7,32.1,110,33.7,116,42.3,44.5,32.1 / 110,33.7 / 116
13882,VT,Green/Gold,M,72,65.0,85.4,110,31.4,33.6,31.4,104,33.6,115,41.1,44.3,31.4 / 104,33.6 / 115
13882,VT,Gold,M,72,64.5,85.0,110,31.4,33.1,31.4,103,33.1,117,41.0,44.0,31.4 / 103,33.1 / 117
13882,VT,Family Gold,M,72,60.5,80.7,109,29.7,30.8,29.7,102,30.8,115,39.2,41.5,29.7 / 102,30.8 / 115
13882,VT,Family Blue,M,72,54.7,72.7,97,25.2,29.5,25.2,84,29.5,110,33.0,39.7,25.2 / 84,29.5 / 110
13882,VT,White,F,72,74.3,104.8,130,36.4,37.9,36.4,129,37.9,130,51.6,53.2,36.4 / 129,37.9 / 130
13882,VT,White/Green,F,72,72.0,101.6,126,35.1,36.9,35.1,122,36.9,129,49.5,52.1,35.1 / 122,36.9 / 129
13882,VT,Green,F,72,70.8,100.9,128,34.6,36.2,34.6,120,36.2,135,48.8,52.1,34.6 / 120,36.2 / 135
13882,VT,Green/Gold,F,72,69.9,99.4,125,33.9,36.0,33.9,116,36.0,134,47.6,51.8,33.9 / 116,36.0 / 134
13882,VT,Gold,F,72,68.9,98.3,125,33.4,35.5,33.4,120,35.5,130,47.5,50.8,33.4 / 120,35.5 / 130
23691,VT,Black,M,71,72.2,96.5,131,34.1,38.1,34.1,123,38.1,139,45.5,51.0,34.1 / 123,38.1 / 139
23691,VT,Blue,M,71,70.4,94.3,129,33.0,37.4,33.0,123,37.4,135,44.4,49.9,33.0 / 123,37.4 / 135
23691,VT,White,M,71,68.8,92.0,125,32.2,36.6,32.2,118,36.6,131,43.2,48.8,32.2 / 118,36.6 / 131
23691,VT,White,F,71,74.2,104.9,131,34.6,39.6,34.6,119,39.6,142,48.6,56.3,34.6 / 119,39.6 / 142
23691,VT,Green,F,71,69.6,98.4,122,32.7,36.9,32.7,112,36.9,132,45.9,52.5,32.7 / 112,36.9 / 132
23691,VT,Green/Gold,F,71,68.3,96.7,120,32.3,36.0,32.3,109,36.0,131,45.2,51.5,32.3 / 109,36.0 / 131
23691,VT,Gold,F,71,67.7,95.8,119,32.0,35.7,32.0,109,35.7,129,44.9,50.9,32.0 / 109,35.7 / 129
13883,VT,Blue,M,71,71.9,95.9,129,35.4,36.5,35.4,126,36.5,132,47.1,48.8,35.4 / 126,36.5 / 132
13883,VT,White,M,71,70.1,93.3,125,34.4,35.7,34.4,126,35.7,124,46.1,47.2,34.4 / 126,35.7 / 124
13883,VT,White/Gold,M,71,68.9,91.9,124,33.8,35.1,33.8,123,35.1,125,45.2,46.7,33.8 / 123,35.1 / 125
13883,VT,Gold,M,71,66.9,88.9,119,32.7,34.2,32.7,111,34.2,126,43.0,45.9,32.7 / 111,34.2 / 126
13883,VT,Red,M,71,66.4,88.1,117,32.7,33.7,32.7,113,33.7,121,43.2,44.9,32.7 / 113,33.7 / 121
13883,VT,Red/Black,M,71,63.0,83.4,110,31.3,31.7,31.3,107,31.7,113,41.2,42.2,31.3 / 107,31.7 / 113
13883,VT,Black,M,71,61.8,81.5,106,30.4,31.4,30.4,103,31.4,109,40.0,41.5,30.4 / 103,31.4 / 109
13883,VT,White,F,71,75.7,107.0,133,37.4,38.3,37.4,131,38.3,134,52.9,54.1,37.4 / 131,38.3 / 134
13883,VT,White/Gold,F,71,74.0,104.6,130,36.7,37.3,36.7,131,37.3,129,52.1,52.5,36.7 / 131,37.3 / 129
13883,VT,Gold,F,71,72.2,101.1,123,35.8,36.4,35.8,124,36.4,121,50.4,50.7,35.8 / 124,36.4 / 121
13883,VT,Red,F,71,70.9,99.1,120,35.2,35.7,35.2,120,35.7,120,49.3,49.8,35.2 / 120,35.7 / 120
13883,VT,Red/Black,F,71,66.2,92.6,112,32.8,33.4,32.8,109,33.4,114,45.7,46.9,32.8 / 109,33.4 / 114
13883,VT,Black,F,71,64.2,90.2,111,31.1,33.1,31.1,107,33.1,114,43.7,46.5,31.1 / 107,33.1 / 114
29999,VT,White/Blue,M,72,67.9,89.9,119,34.0,33.9,34.0,122,33.9,115,45.3,44.6,34.0 / 122,33.9 / 115
29999,VT,Red/Yellow,F,72,67.5,94.9,116,34.1,33.4,34.1,118,33.4,114,48.0,46.9,34.1 / 118,33.4 / 114
13899,VT,Blue,M,72,70.3,94.9,133,34.9,35.4,34.9,128,35.4,137,46.8,48.1,34.9 / 128,35.4 / 137
13899,VT,White,M,72,68.8,92.8,129,34.2,34.6,34.2,127,34.6,131,46.0,46.8,34.2 / 127,34.6 / 131
13899,VT,Red,M,0,65.4,86.5,114,33.0,32.4,33.0,114,32.4,113,43.6,42.9,33.0 / 114,32.4 / 113
13899,VT,Red 1,M,72,64.7,85.0,110,32.3,32.4,32.3,108,32.4,111,42.3,42.7,32.3 / 108,32.4 / 111
13899,VT,White,F,72,75.2,104.8,126,37.3,37.9,37.3,120,37.9,131,51.4,53.4,37.3 / 120,37.9 / 131
13899,VT,Red,F,0,70.4,98.9,121,35.6,34.8,35.6,113,34.8,129,48.9,50.0,35.6 / 113,34.8 / 129
13899,VT,Red 1,F,72,69.4,97.3,118,34.7,34.7,34.7,109,34.7,127,47.6,49.7,34.7 / 109,34.7 / 127
13874,VT,Blue,M,70,71.2,97.8,143,36.0,35.2,36.0,144,35.2,142,49.4,48.4,36.0 / 144,35.2 / 142
13874,VT,White,M,70,69.0,94.9,140,34.7,34.3,34.7,141,34.3,138,47.8,47.1,34.7 / 141,34.3 / 138
13874,VT,Gold,M,70,66.5,90.9,131,33.7,32.8,33.7,133,32.8,129,46.1,44.8,33.7 / 133,32.8 / 129
13874,VT,Purple,M,70,65.5,88.7,125,33.0,32.5,33.0,130,32.5,119,45.1,43.6,33.0 / 130,32.5 / 119
13874,VT,Red,M,70,64.4,85.0,111,32.2,32.2,32.2,118,32.2,103,43.2,41.8,32.2 / 118,32.2 / 103
13874,VT,white,F,71,74.8,108.2,142,37.6,37.2,37.6,143,37.2,140,54.5,53.7,37.6 / 143,37.2 / 140
13874,VT,Gold,F,71,72.0,103.5,134,36.5,35.5,36.5,136,35.5,131,52.5,51.0,36.5 / 136,35.5 / 131
13874,VT,Purple,F,71,70.4,100.7,129,35.8,34.6,35.8,131,34.6,126,51.3,49.4,35.8 / 131,34.6 / 126
13874,VT,Red,F,70,67.7,96.7,123,34.4,33.3,34.4,123,33.3,123,48.9,47.8,34.4 / 123,33.3 / 123
13896,VT,Blue,M,72,68.8,92.2,126,34.4,34.4,34.4,126,34.4,126,46.1,46.1,34.4 / 126,34.4 / 126
13896,VT,Blue/White,M,71,68.0,90.8,123,34.4,33.6,34.4,126,33.6,119,46.1,44.7,34.4 / 126,33.6 / 119
13896,VT,White,M,72,67.2,89.4,119,33.6,33.6,33.6,119,33.6,119,44.7,44.7,33.6 / 119,33.6 / 119
13896,VT,White/Gold,M,71,65.4,86.9,116,33.6,31.8,33.6,119,31.8,112,44.7,42.2,33.6 / 119,31.8 / 112
13896,VT,Gold,M,72,63.6,84.4,112,31.8,31.8,31.8,112,31.8,112,42.2,42.2,31.8 / 112,31.8 / 112
13896,VT,Gold/Red,M,72,62.5,83.0,111,31.8,30.7,31.8,112,30.7,109,42.2,40.8,31.8 / 112,30.7 / 109
13896,VT,Red,M,72,61.4,81.6,109,30.7,30.7,30.7,109,30.7,109,40.8,40.8,30.7 / 109,30.7 / 109
13896,VT,Gold,F,72,68.2,95.0,114,34.1,34.1,34.1,114,34.1,114,47.5,47.5,34.1 / 114,34.1 / 114
13896,VT,Gold/Red,F,72,66.9,92.6,109,34.1,32.8,34.1,114,32.8,104,47.5,45.1,34.1 / 114,32.8 / 104
13896,VT,Red,F,72,65.6,90.2,104,32.8,32.8,32.8,104,32.8,104,45.1,45.1,32.8 / 104,32.8 / 104
13870,VT,Blue,M,70,71.2,94.9,128,35.2,36.0,35.2,118,36.0,137,46.2,48.7,35.2 / 118,36.0 / 137
13870,VT,White,M,70,68.7,91.2,121,34.1,34.6,34.1,113,34.6,129,44.6,46.6,34.1 / 113,34.6 / 129
13870,VT,Green,M,70,66.3,87.3,113,32.5,33.8,32.5,103,33.8,123,42.1,45.2,32.5 / 103,33.8 / 123
13870,VT,Gold,M,70,62.8,82.8,108,30.9,31.9,30.9,101,31.9,114,40.3,42.5,30.9 / 101,31.9 / 114
13870,VT,Green,F,70,71.5,100.5,123,35.0,36.5,35.0,111,36.5,135,48.1,52.4,35.0 / 111,36.5 / 135
13870,VT,Gold,F,70,67.2,94.3,115,33.1,34.1,33.1,108,34.1,122,45.8,48.5,33.1 / 108,34.1 / 122
13889,VT,BLACK,M,71,70.9,95.1,130,35.8,35.1,35.8,136,35.1,124,48.5,46.6,35.8 / 136,35.1 / 124
13889,VT,WHITE,M,71,68.3,91.2,123,34.5,33.8,34.5,126,33.8,120,46.2,45.0,34.5 / 126,33.8 / 120
13889,VT,GREEN,M,71,63.7,84.6,113,32.3,31.4,32.3,116,31.4,110,43.1,41.5,32.3 / 116,31.4 / 110
13889,VT,RED,M,71,61.4,80.9,105,31.1,30.3,31.1,108,30.3,102,41.1,39.8,31.1 / 108,30.3 / 102
13889,VT,BLACK,F,71,76.4,108.7,137,38.9,37.5,38.9,146,37.5,128,56.1,52.6,38.9 / 146,37.5 / 128
13889,VT,WHITE,F,71,74.0,104.6,130,37.7,36.3,37.7,138,36.3,122,54.0,50.6,37.7 / 138,36.3 / 122
13889,VT,GREEN,F,71,68.4,96.1,118,34.8,33.6,34.8,126,33.6,110,49.5,46.6,34.8 / 126,33.6 / 110
13889,VT,RED,F,71,65.2,91.0,109,33.1,32.1,33.1,114,32.1,104,46.5,44.5,33.1 / 114,32.1 / 104
28626,VT,Blue,M,72,71.8,97.4,138,35.7,36.1,35.7,129,36.1,146,47.7,49.7,35.7 / 129,36.1 / 146
28626,VT,White,M,72,69.6,94.1,132,34.5,35.1,34.5,127,35.1,137,46.3,47.8,34.5 / 127,35.1 / 137
28626,VT,Gold,M,72,65.7,88.3,122,32.3,33.4,32.3,113,33.4,130,42.8,45.5,32.3 / 113,33.4 / 130
28626,VT,Red,M,72,65.1,87.1,119,31.9,33.2,31.9,109,33.2,128,42.0,45.1,31.9 / 109,33.2 / 128
28626,VT,White,F,74,75.7,109.6,144,37.5,38.2,37.5,142,38.2,145,54.3,55.3,37.5 / 142,38.2 / 145
28626,VT,Gold,F,72,71.4,101.2,126,35.0,36.4,35.0,121,36.4,131,49.3,51.9,35.0 / 121,36.4 / 131
28626,VT,Red,F,74,70.8,100.2,125,34.6,36.2,34.6,120,36.2,130,48.7,51.5,34.6 / 120,36.2 / 130
28628,VT,Blue,M,72,72.1,98.8,144,36.1,36.0,36.1,146,36.0,141,49.7,49.1,36.1 / 146,36.0 / 141
28628,VT,White,M,72,69.7,95.1,137,35.1,34.6,35.1,137,34.6,137,47.8,47.3,35.1 / 137,34.6 / 137
28628,VT,Gold,M,72,66.8,90.6,128,33.4,33.4,33.4,130,33.4,126,45.5,45.1,33.4 / 130,33.4 / 126
28628,VT,Red,M,72,66.2,89.3,125,33.2,33.0,33.2,128,33.0,121,45.1,44.2,33.2 / 128,33.0 / 121
28628,VT,White,F,74,76.0,109.3,141,38.2,37.8,38.2,145,37.8,137,55.3,54.0,38.2 / 145,37.8 / 137
28628,VT,Gold,F,72,72.6,103.7,132,36.4,36.2,36.4,131,36.2,132,51.9,51.8,36.4 / 131,36.2 / 132
28628,VT,Red,F,74,71.9,102.6,131,36.2,35.7,36.2,130,35.7,131,51.5,51.1,36.2 / 130,35.7 / 131
28629,VT,Blue,M,72,71.7,96.8,135,36.0,35.7,36.0,141,35.7,129,49.1,47.7,36.0 / 141,35.7 / 129
28629,VT,White,M,72,69.1,93.6,132,34.6,34.5,34.6,137,34.5,127,47.3,46.3,34.6 / 137,34.5 / 127
28629,VT,Gold,M,72,65.7,87.9,120,33.4,32.3,33.4,126,32.3,113,45.1,42.8,33.4 / 126,32.3 / 113
28629,VT,Red,M,72,64.9,86.2,115,33.0,31.9,33.0,121,31.9,109,44.2,42.0,33.0 / 121,31.9 / 109
28629,VT,White,F,74,75.3,108.3,140,37.8,37.5,37.8,137,37.5,142,54.0,54.3,37.8 / 137,37.5 / 142
28629,VT,Gold,F,72,71.2,101.1,127,36.2,35.0,36.2,132,35.0,121,51.8,49.3,36.2 / 132,35.0 / 121
28629,VT,Red,F,74,70.3,99.8,126,35.7,34.6,35.7,131,34.6,120,51.1,48.7,35.7 / 131,34.6 / 120
13919,VT,Blue,M,70,71.1,96.9,139,35.4,35.7,35.4,126,35.7,152,47.1,49.8,35.4 / 126,35.7 / 152
13919,VT,White,M,70,69.5,93.6,130,34.6,34.9,34.6,124,34.9,136,46.1,47.5,34.6 / 124,34.9 / 136
13919,VT,Gold,M,70,66.0,88.7,123,32.8,33.2,32.8,121,33.2,124,44.0,44.7,32.8 / 121,33.2 / 124
13919,VT,Green,M,70,63.5,84.7,114,31.7,31.8,31.7,112,31.8,116,42.1,42.6,31.7 / 112,31.8 / 116
13919,VT,Gold,F,71,71.4,100.7,125,35.6,35.8,35.6,124,35.8,125,50.2,50.5,35.6 / 124,35.8 / 125
13919,VT,Green,F,72,69.3,96.5,116,34.5,34.8,34.5,114,34.8,117,47.9,48.6,34.5 / 114,34.8 / 117
14151,VT,Blue,M,71,70.7,94.4,128,35.4,35.3,35.4,125,35.3,130,47.0,47.4,35.4 / 125,35.3 / 130
14151,VT,White,M,71,69.0,91.9,124,34.5,34.5,34.5,122,34.5,125,45.8,46.1,34.5 / 122,34.5 / 125
14151,VT,Gold,M,71,66.1,88.4,120,33.3,32.8,33.3,121,32.8,119,44.5,43.9,33.3 / 121,32.8 / 119
14151,VT,Red,M,71,63.2,84.1,113,31.6,31.6,31.6,111,31.6,114,41.9,42.2,31.6 / 111,31.6 / 114
14151,VT,Red,F,71,69.6,99.7,128,34.5,35.1,34.5,124,35.1,131,49.1,50.6,34.5 / 124,35.1 / 131
13898,VT,Black,M,72,74.5,100.9,142,37.3,37.2,37.3,139,37.2,145,50.2,50.7,37.3 / 139,37.2 / 145
13898,VT,Black/Gold,M,72,73.3,99.2,140,36.7,36.6,36.7,138,36.6,141,49.5,49.7,36.7 / 138,36.6 / 141
13898,VT,Gold,M,72,72.4,97.8,137,36.2,36.2,36.2,136,36.2,138,48.8,49.0,36.2 / 136,36.2 / 138
13898,VT,Gold/Blue,M,72,70.9,95.9,135,35.2,35.7,35.2,132,35.7,137,47.5,48.4,35.2 / 132,35.7 / 137
13898,VT,Blue,M,72,69.8,94.6,134,34.5,35.3,34.5,132,35.3,135,46.8,47.8,34.5 / 132,35.3 / 135
13898,VT,Blue/White,M,72,68.4,92.3,129,33.8,34.6,33.8,125,34.6,132,45.4,46.9,33.8 / 125,34.6 / 132
13898,VT,White,M,72,67.0,90.0,124,33.4,33.6,33.4,119,33.6,128,44.5,45.5,33.4 / 119,33.6 / 128
13898,VT,White/Green,M,72,65.6,87.0,115,32.8,32.8,32.8,111,32.8,119,43.1,43.9,32.8 / 111,32.8 / 119
13898,VT,Green,M,72,64.4,85.6,114,32.5,31.9,32.5,112,31.9,116,42.9,42.7,32.5 / 112,31.9 / 116
13898,VT,White,F,72,72.2,104.3,136,35.9,36.3,35.9,133,36.3,139,51.6,52.7,35.9 / 133,36.3 / 139
13898,VT,White/Green,F,72,70.3,101.1,131,35.0,35.3,35.0,131,35.3,131,50.4,50.7,35.0 / 131,35.3 / 131
13898,VT,Green,F,72,69.0,98.4,125,34.7,34.3,34.7,126,34.3,124,49.5,48.9,34.7 / 126,34.3 / 124
13898,VT,Green/Red,F,72,65.6,93.1,117,33.0,32.6,33.0,120,32.6,114,47.1,46.0,33.0 / 120,32.6 / 114
13898,VT,Red,F,72,63.3,89.8,113,31.8,31.5,31.8,114,31.5,111,45.2,44.6,31.8 / 114,31.5 / 111
13876,VT,Blue,M,72,68.5,92.5,129,33.3,35.2,33.3,133,35.2,125,45.7,46.8,33.3 / 133,35.2 / 125
13876,VT,White,M,72,66.5,88.6,119,32.4,34.1,32.4,118,34.1,119,43.4,45.2,32.4 / 118,34.1 / 119
13876,VT,Red,M,72,64.0,85.5,116,31.3,32.7,31.3,109,32.7,123,41.4,44.1,31.3 / 109,32.7 / 123
13876,VT,White,F,72,71.1,102.2,132,34.7,36.4,34.7,129,36.4,135,49.9,52.3,34.7 / 129,36.4 / 135
13876,VT,Red,F,72,68.5,97.7,124,32.9,35.6,32.9,120,35.6,127,47.1,50.6,32.9 / 120,35.6 / 127
29856,VT,Member,M,72,71.6,97.0,137,35.8,35.8,35.8,137,35.8,137,48.5,48.5,35.8 / 137,35.8 / 137
29856,VT,Member,F,72,78.0,114.4,154,39.0,39.0,39.0,154,39.0,154,57.2,57.2,39.0 / 154,39.0 / 154
13878,VT,Black,M,71,69.9,93.7,128,35.5,34.4,35.5,128,34.4,128,47.4,46.3,35.5 / 128,34.4 / 128
13878,VT,White,M,71,68.3,91.5,125,34.4,33.9,34.4,126,33.9,124,46.1,45.4,34.4 / 126,33.9 / 124
13878,VT,Gold,M,71,66.0,88.3,120,33.3,32.7,33.3,118,32.7,122,44.3,44.0,33.3 / 118,32.7 / 122
13878,VT,Green,M,71,64.0,83.6,106,32.2,31.8,32.2,102,31.8,109,41.7,41.9,32.2 / 102,31.8 / 109
13878,VT,White,F,72,74.4,105.7,133,37.5,36.9,37.5,130,36.9,136,52.8,52.9,37.5 / 130,36.9 / 136
13878,VT,Gold,F,72,71.7,103.3,134,36.7,35.0,36.7,129,35.0,139,51.9,51.4,36.7 / 129,35.0 / 139
13878,VT,Women's Mid-Amateur Championship,F,72,71.0,101.9,131,36.1,34.9,36.1,132,34.9,130,51.7,50.2,36.1 / 132,34.9 / 130
13878,VT,Green,F,72,69.5,98.8,124,35.5,34.0,35.5,128,34.0,120,50.6,48.2,35.5 / 128,34.0 / 120
30157,VT,White,M,60,58.1,78.5,110,29.1,29.0,29.1,113,29.0,107,39.6,38.9,29.1 / 113,29.0 / 107
30157,VT,White,F,60,60.1,83.3,99,30.2,29.9,30.2,97,29.9,100,41.6,41.7,30.2 / 97,29.9 / 100
13869,VT,Blue,M,70,70.1,94.8,133,35.4,34.7,35.4,135,34.7,131,47.9,46.9,35.4 / 135,34.7 / 131
13869,VT,White,M,70,68.3,92.3,129,34.5,33.8,34.5,131,33.8,127,46.7,45.6,34.5 / 131,33.8 / 127
13869,VT,White/Gold,M,70,67.1,90.6,127,33.7,33.4,33.7,128,33.4,125,45.6,45.0,33.7 / 128,33.4 / 125
13869,VT,Gold,M,70,66.1,89.3,125,33.5,32.6,33.5,127,32.6,123,45.3,44.0,33.5 / 127,32.6 / 123
13869,VT,Red,M,70,64.7,87.3,122,32.6,32.1,32.6,124,32.1,119,44.1,43.2,32.6 / 124,32.1 / 119
13869,VT,White,F,71,73.7,105.9,137,37.5,36.2,37.5,136,36.2,137,53.5,52.4,37.5 / 136,36.2 / 137
13869,VT,Gold,F,71,71.1,101.4,129,36.3,34.8,36.3,129,34.8,128,51.5,49.9,36.3 / 129,34.8 / 128
13869,VT,Red,F,71,69.4,98.3,123,35.3,34.1,35.3,121,34.1,124,49.6,48.7,35.3 / 121,34.1 / 124
13869,VT,Red/Forward,F,69,66.4,93.5,115,33.8,32.6,33.8,113,32.6,117,47.1,46.4,33.8 / 113,32.6 / 117
13869,VT,Forward,F,69,64.8,90.7,110,33.0,31.8,33.0,109,31.8,111,45.8,44.9,33.0 / 109,31.8 / 111
